Europages Profile,Website,Emails
https://www.europages.co.uk/CONCEPT-METAL/00000004603076-001.html,http://www.conceptmetal.eu/,contact@conceptmetal.eu
https://www.europages.co.uk/FEBY-CABLE/00000005529531-001.html,https://www.febycable.com/,"export@febycable.com, satis@ulkukablo.com"
https://www.europages.co.uk/RS-HANDELSUNTERNEHMEN-KG/00000005343112-001.html,http://www.rs-handelsunternehmen.com/,info@rs-handelsunternehmen.de
https://www.europages.co.uk/WELL-DIAMANTDRAHTSAGEN-GMBH/00000005251887-001.html,http://www.well-deutschland.de/,info.de@well-dws.com
https://www.europages.co.uk/UNITON/00000004699516-498243001.html,http://www.uniton.fr/,uniton@uniton.fr
https://www.europages.co.uk/en/company/jmtec-22278272,https://www.jmtec.fr/,"contact@jmtec.fr, jmorfoisse@jmtec.fr"
https://www.europages.co.uk/CONDUCTIXWAMPFLER-GMBH/00000005313977-001.html,https://www.conductix.de/en,"info.potsdam@conductix.com, info.de@conductix.com"
https://www.europages.co.uk/EZM-EDELSTAHLZIEHEREI-MARK-GMBH/DEU236558-00101.html,http://www.ezm-mark.de/index.php?id=1231&lang=002,"m.hartmann@ezm-mark.de, kontakt@ezm-mark.de"
https://www.europages.co.uk/ARSLAN-METAL-SANAYI-VE-TICARET-AS/00000005306825-613229001.html,http://www.leometallum.com/,"export@leometallum.com, info@leometallum.com"
https://www.europages.co.uk/MAIKONTROL/00000003448561-43357001.html,http://www.maikontrol.com/,info@maikontrol.com
https://www.europages.co.uk/SHENZHEN-TENKING-TECHNOLOGY-CO-LTD/00000005487862-001.html,http://www.sztenking.net/,sales@sztenking.net
https://www.europages.co.uk/NEW-METAL-2020-SL/00000005520731-001.html,https://www.newmetal.es/,"joan@newmetal.es, vivesrosa@newmetal.es, jmarsans@newmetal.es, monica@newmetal.es"
https://www.europages.co.uk/WESTFALISCHE-DRAHTINDUSTRIE-GMBH/DEU010583-001.html,https://www.wdi.de/en,draht.hamm@wdi.de
https://www.europages.co.uk/RTP-PAGANONI-SRL/SEAC000561569-001.html,https://www.rtppaganoni.com/home,"605a7baede844d278b89dc95ae0a9123@sentry-next.wixpress.com, 8eb368c655b84e029ed79ad7a5c1718e@sentry.wixpress.com, info@rtppaganoni.com"
https://www.europages.co.uk/en/company/solarvie-gmbh-22277406,https://www.solarvie.de/,"Logo-Solarvie_Signatur_190x@2x.png, Logo-Solarvie_Signatur_165x@2x.png, shop@solarvie.at"
https://www.europages.co.uk/SIBATRON-AG/00000005139058-001.html,http://www.sibatron.com/,kontakt@sibatron.com
https://www.europages.co.uk/IFEC-LDA/00000005554592-001.html,https://www.ifec.pt/,geral@ifec.pt
https://www.europages.co.uk/ADVANCED-ENGINEERING-WEDGE-WIRE/00000005454659-799877001.html,https://adenwedgewire.com/,"rd@adenwedgewire.com, info@adenwedgewire.com, germany@adenwedgewire.com"
https://www.europages.co.uk/ANKARA-BRONZ/00000005515921-001.html,https://ankarabronz.com.tr/english/?/,"info@ankarabronz.com.tr, info@marlev.com.tr"
